Colonia,Vendedorx,DDP,Amenidades,Baños,Sotanos,Lugares_Estacionamiento,Recamaras,m2,Precio_Final,PPMC
Roma Sur,Investemx,5,3,2,,2,2,127,9000000,70866.14173
Roma Norte,Avitana,7,2,1,,1,1,54,4264000,78962.96296
Roma Sur,Ebranuncios,4,,3,2,2,3,163,8093500,49653.37423
Roma Sur,Houm,150,2,2,,1,2,93,4000000,43010.75269
Roma Norte,Contactobienesraicesgold,52,4,2,,1,2,103,6732700,65366.01942
Roma Sur,Lidialopeza,120,3,1,,1,2,67,3200000,47761.19403
Roma Norte,Investemx,18,3,2,,2,2,127,9000000,70866.14173
Roma Sur,Neximo,31,,2,,1,2,112,5550000,49553.57143
Roma Norte,Houm,150,3,2,,2,3,154,10592361,68781.56494
Roma Norte,Balinter,55,4,2,,2,2,100,5300000,53000
Roma Sur,Incitybienesraices,4,5,2,,2,3,163,10200000,62576.68712
Roma Sur,Incitybienesraices,4,5,2,,2,3,180,11050000,61388.88889
Roma Sur,Incitybienesraices,4,5,2,,2,3,157,9880000,62929.93631
Roma Sur,Incitybienesraices,4,5,2,,2,3,111,7010000,63153.15315
Roma Sur,Incitybienesraices,4,5,2,,2,3,112,6790000,60625
Roma Sur,Incitybienesraices,4,5,2,,2,3,149,9670000,64899.32886
Roma Sur,Incitybienesraices,4,5,2,,2,3,114,7332973,64324.32456
Roma Sur,Habitare Luxury Living,3,4,2,,1,2,145,9859115,67993.89655
Roma Sur,Incitybienesraices,4,2,1,,1,1,41,3382500,82500
Roma Sur,Incitybienesraices,4,2,1,,1,1,54,4515000,83611.11111
Roma Norte,Incitybienesraices,4,2,1,,1,1,56,4496000,80285.71429
Roma Sur,Incitybienesraices,4,2,1,,1,1,63,5257500,83452.38095
Roma Sur,Incitybienesraices,4,2,1,,1,1,49,4102500,83724.4898
Roma Sur,Incitybienesraices,4,2,1,,1,1,38,3195000,84078.94737
Roma Sur,Jrasesores,6,4,2,,1,2,84,4061500,48351.19048
Roma Sur,Rent A House Cdmx,7,,1,,1,1,48,3306533,68886.10417
Roma Norte,Inmobiliariahaz,3,4,2,,1,2,89,5399999,60674.14607
Roma Sur,Habitare Luxury Living,3,3,1,,1,2,67,4314445,64394.70149
Roma Sur,Habitare Luxury Living,3,4,2,,1,2,74,4996100,67514.86486
Roma Sur,Rent A House Cdmx,7,,2,,1,2,91,4850000,53296.7033
Roma Sur,Rent A House Cdmx,7,,1,,1,1,45,3615970,80354.88889
Roma Norte,Rent A House Cdmx,7,,1,,1,1,60,3395000,56583.33333
Roma Norte,Rent A House Cdmx,7,,2,,1,3,86,4495000,52267.44186
Roma Norte,Rent A House Cdmx,7,,2,,1,2,81,5292000,65333.33333
Roma Norte,Aire Y Acero Inmobiliaria,8,,1,1,1,1,37,2792170,75464.05405
Roma Sur,Rent A House Cdmx,7,,1,,1,1,48,3034124,63210.91667
Roma Sur,Rent A House Cdmx,7,,3,,1,2,176,9500000,53977.27273
Roma Sur,Rent A House Cdmx,7,,3,,2,2,126,8700000,69047.61905
Roma Norte,Rent A House Cdmx,7,,2,,1,3,86,4495000,52267.44186
Roma Norte,Rent A House Cdmx,7,,3,,2,3,284,12900000,45422.53521
Roma Norte,Rent A House Cdmx,7,,2,,2,2,85,3995000,47000
Roma Norte,Jrasesores,6,6,3,,1,3,152,8500000,55921.05263
Roma Sur,Rent A House Cdmx,7,,3,,1,3,193,6195000,32098.4456
Roma Norte,Morris Lan,2,4,2,,2,2,97,6042960,62298.5567
Roma Sur,Rent A House Cdmx,7,,2,,1,2,111,5550000,50000
Roma Norte,Rent A House Cdmx,7,,2,,1,3,86,4495000,52267.44186
Roma Norte,Rent A House Cdmx,7,,2,,1,3,86,4495000,52267.44186
Roma Norte,Rent A House Cdmx,7,,2,,1,3,86,4495000,52267.44186
Roma Norte,Rent A House Cdmx,7,,3,,2,3,284,12900000,45422.53521
Roma Norte,Rent A House Cdmx,7,,1,,1,1,60,3595000,59916.66667
Roma Norte,Rent A House Cdmx,7,,1,,1,1,60,3395000,56583.33333
Roma Norte,Rent A House Cdmx,7,,1,,1,1,57,3780000,66315.78947
Roma Norte,Century21 Urbana,4,,1,,1,1,40,2325668,58141.7
Roma Sur,Rent A House Cdmx,7,,2,,1,2,111,5550000,50000
Roma Sur,Inmobiliariahaz,3,4,2,,2,2,78,4500000,57692.30769
Roma Norte,Rent A House Cdmx,7,,2,,1,2,81,5393000,66580.24691
Roma Norte,Rent A House Cdmx,7,,1,,1,1,42,2595000,61785.71429
Roma Sur,Rent A House Cdmx,7,,1,,1,1,48,2862381,59632.9375
Roma Norte,Rent A House Cdmx,7,,2,,2,3,90,4495000,49944.44444
Roma Sur,Rent A House Cdmx,7,,3,,2,2,107,7040000,65794.39252
Roma Norte,Rent A House Cdmx,7,,2,,1,2,71,4455000,62746.47887
Roma Sur,Rent A House Cdmx,7,,3,,2,2,107,7040000,65794.39252
Roma Norte,Rent A House Cdmx,7,,2,,2,2,163,9935982,60956.94479
Roma Sur,Rent A House Cdmx,7,,1,,1,1,44,3615979,82181.34091
Roma Sur,Rent A House Cdmx,7,,1,,1,1,44,3615970,82181.13636
Roma Sur,Jrasesores,6,4,2,,1,2,78,4186666,53675.20513
Roma Norte,Rent A House Cdmx,7,,1,,1,1,39,2980000,76410.25641
Roma Norte,Rent A House Cdmx,7,,1,,1,1,39,2980000,76410.25641
Roma Norte,Rent A House Cdmx,7,,1,,1,1,39,2980000,76410.25641
Roma Norte,Rent A House Cdmx,7,,2,,1,1,67,4250000,63432.83582
Roma Norte,Rent A House Cdmx,7,,1,,1,1,60,3595000,59916.66667
Roma Norte,Rent A House Cdmx,7,,1,,1,1,39,2980000,76410.25641
Roma Norte,Rent A House Cdmx,7,,1,,1,1,60,3395000,56583.33333
Roma Norte,Rent A House Cdmx,7,,2,,1,2,110,7962400,72385.45455
Roma Norte,Rent A House Cdmx,7,,2,,2,3,90,4495000,49944.44444
Roma Norte,Rent A House Cdmx,7,,1,,1,1,57,3950000,69298.24561
Roma Norte,Rent A House Cdmx,7,,2,,1,2,61,4430000,72622.95082
Roma Norte,Rent A House Cdmx,7,,2,,1,2,86,4913500,57133.72093
Roma Norte,Rent A House Cdmx,7,,1,,1,1,39,2980000,76410.25641
Roma Norte,Rent A House Cdmx,7,,3,,1,2,122,8400000,68852.45902
Roma Norte,Rent A House Cdmx,7,,3,,1,2,122,8400000,68852.45902
Roma Norte,Rent A House Cdmx,7,,1,,1,1,61,4430000,72622.95082
Roma Norte,Rent A House Cdmx,7,,2,,1,2,71,4455000,62746.47887
Roma Norte,Incitybienesraices,4,2,1,,1,1,39,3217500,82500
Roma Norte,Incitybienesraices,4,2,1,,1,1,38,3155000,83026.31579
Roma Sur,Rent A House Cdmx,7,,2,,2,3,111,6426000,57891.89189
Roma Norte,Rent A House Cdmx,7,,2,,1,2,91,5145000,56538.46154
Roma Norte,Rent A House Cdmx,7,,1,,1,1,57,3750000,65789.47368
Roma Norte,Rent A House Cdmx,7,,2,,1,1,67,4278000,63850.74627
Roma Norte,Rent A House Cdmx,7,,2,,1,2,71,4390000,61830.98592
Roma Norte,Rent A House Cdmx,7,,2,,1,1,74,4780000,64594.59459
Roma Sur,Rent A House Cdmx,7,,3,,2,2,120,7550000,62916.66667
Roma Norte,Rent A House Cdmx,7,,1,,1,1,39,2980000,76410.25641
Roma Norte,Rent A House Cdmx,7,,1,,1,1,37,3848548,104014.8108
Roma Norte,Rent A House Cdmx,7,,2,,1,2,78,4826900,61883.33333
Roma Norte,Rent A House Cdmx,7,,2,,1,2,78,4826900,61883.33333
Roma Sur,Rent A House Cdmx,7,,2,,1,2,74,4229827,57159.82432
Roma Norte,Rent A House Cdmx,7,,1,,1,2,78,4483800,57484.61538
Roma Sur,Rent A House Cdmx,7,,1,,1,1,45,3615970,80354.88889
Roma Norte,Rent A House Cdmx,7,,1,,1,1,39,2980000,76410.25641
Roma Norte,Rent A House Cdmx,7,,2,,1,1,67,4250000,63432.83582
Roma Norte,Rent A House Cdmx,7,,2,,1,1,69,4335000,62826.08696
Roma Norte,Rent A House Cdmx,7,,1,,1,1,57,3725000,65350.87719
Roma Norte,Rent A House Cdmx,7,,2,,1,2,65,4330000,66615.38462
Roma Sur,Rent A House Cdmx,7,,2,,1,2,91,5145000,56538.46154
Roma Norte,Rent A House Cdmx,7,,3,,2,2,173,9151840,52900.80925
Roma Norte,Rent A House Cdmx,7,,1,,1,1,43,3370000,78372.09302
Roma Norte,Pireal Estate,3,,2,,1,1,63,4454120,70700.31746
Roma Norte,Rent A House Cdmx,7,,3,,1,3,284,14700000,51760.56338
Roma Sur,Rent A House Cdmx,5,,2,,1,2,145,6084392,41961.32414
Roma Norte,Incitybienesraices,4,4,2,,1,2,132,6853000,51916.66667
Roma Sur,Rent A House Cdmx,5,,2,,1,2,145,6084392,41961.32414
Roma Sur,Rent A House Cdmx,7,,2,,1,2,78,4100000,52564.10256
Roma Norte,Rent A House Cdmx,7,,3,,2,3,284,14700000,51760.56338
Roma Norte,Incitybienesraices,4,3,1,,1,2,59,4290000,72711.86441
Roma Norte,Incitybienesraices,4,4,2,,1,2,64,4312000,67375
Roma Norte,Incitybienesraices,4,2,1,,1,1,41,3269750,79750
Roma Norte,Incitybienesraices,4,2,1,,1,1,43,3429250,79750
Roma Norte,Incitybienesraices,4,4,2,,1,2,126,6600000,52380.95238
Roma Norte,Incitybienesraices,4,4,2,,1,2,63,4202000,66698.4127
Roma Norte,Incitybienesraices,4,3,1,,1,2,76,4631000,60934.21053
Roma Norte,Incitybienesraices,4,2,1,,1,1,51,3840000,75294.11765
Roma Norte,Incitybienesraices,4,4,2,,1,2,62,4279000,69016.12903
Roma Norte,Jrasesores,6,7,3,,2,3,157,9401000,59878.98089
Roma Sur,Rent A House Cdmx,7,,2,,1,2,78,4100000,52564.10256
Roma Norte,Rent A House Cdmx,7,,1,,1,1,57,3640000,63859.64912
Roma Norte,Rent A House Cdmx,7,,1,,1,1,43,3370000,78372.09302
Roma Sur,Rent A House Cdmx,7,,2,,2,2,74,4229827,57159.82432
Roma Sur,Rent A House Cdmx,7,,2,,2,2,82,5006474,61054.56098
Roma Norte,Rent A House Cdmx,7,,1,,1,1,43,3370000,78372.09302
Roma Sur,Promoluxury,7,4,2,,1,2,141,9859115,69922.80142
Roma Sur,Rent A House Cdmx,7,,2,,2,2,74,4229827,57159.82432
Roma Sur,Jrasesores,6,4,2,,1,2,67,4100000,61194.02985
Roma Sur,Rent A House Cdmx,7,,2,,1,2,91,5145000,56538.46154
Roma Norte,Rent A House Cdmx,7,,1,,1,1,39,2980000,76410.25641
Roma Norte,Rent A House Cdmx,7,,2,,1,2,91,5950000,65384.61538
Roma Norte,Rent A House Cdmx,7,,2,,1,2,167,8250000,49401.1976
Roma Norte,Rent A House Cdmx,7,,2,,2,3,162,10249470,63268.33333
Roma Sur,Incitybienesraices,4,4,2,,2,2,140,6990000,49928.57143
Roma Sur,Promoluxury,7,4,2,,1,2,70,4997000,71385.71429
Roma Norte,Rent A House Cdmx,7,,2,,2,2,144,8584000,59611.11111
Roma Sur,Incitybienesraices,4,5,2,,2,3,286,9990000,34930.06993
Roma Norte,Rent A House Cdmx,5,,2,,1,2,90,5950000,66111.11111
Roma Sur,Jrasesores,6,4,2,,2,2,77,4747034,61649.79221
Roma Norte,Oscarjuarezmontao,1,5,2,,2,3,111,6909413,62246.96396
Roma Norte,Mi Casa Propia,365,5,2,,1,3,160,8500000,53125
Roma Norte,Mi Casa Propia,365,5,2,,1,3,150,8000000,53333.33333
Roma Sur,Barragan Br,210,4,2,,1,2,134,6137930,45805.44776
Roma Norte,Grupo Inmobiliario Gid13,60,5,2,,1,3,160,8500000,53125
Roma Norte,Grupo Inmobiliario Gid13,60,5,2,,1,3,150,8000000,53333.33333
Roma Norte,Mi Casa Propia,180,4,2,,1,2,85,4695000,55235.29412
Roma Sur,Metrica Inmobiliaria,60,,2,1,1,2,95,4570000,48105.26316
Roma Sur,Barragan Br,50,4,2,,1,2,94,6288450,66898.40426
Roma Sur,Hipoo Mx,18,6,2,,1,3,122,7040000,57704.91803
Roma Sur,Barragan Br,60,4,2,,1,2,73,4527000,62013.69863
Roma Sur,Barragan Br,60,4,2,,1,2,77,4827000,62688.31169
Roma Norte,Home Seekers,35,3,1,,1,2,76,4450000,58552.63158
Roma Norte,Century21 Levalgroup,270,,3,,2,3,193,14148523,73308.40933
Roma Norte,Century21 Levalgroup,270,,2,,2,2,91,13333718,146524.3736
Roma Sur,Luxuryhabitatmx,90,5,2,,2,3,111,7140000,64324.32432
Roma Norte,Airnetwork Asesores Inmob,365,5,2,,3,2,140,8400000,60000
Roma Sur,Zona Ryg,150,5,2,,2,3,113,6000000,53097.34513
Roma Norte,Eka Soluciones Inmobiliarias,365,4,2,,1,2,77,5500000,71428.57143
Roma Norte,Airnetwork Asesores Inmob,330,3,2,,2,1,158,6900000,43670.88608
Roma Sur,Luxence,90,7,3,,2,3,284,12700000,44718.30986
Roma Norte,Espaciosurbanosmx,270,2,1,,1,1,36,3489158,96921.05556
Roma Norte,Gpobm3,60,5,2,,1,2,190,11317200,59564.21053
Roma Sur,Cattoribr,17,6,2,,2,3,151,7568500,50122.51656
Roma Norte,Eduardomarcelohernandezlopez,300,4,2,,1,2,107,6250000,58411.21495
Roma Sur,Zona Ryg,330,5,2,,2,3,113,6890000,60973.45133
Roma Norte,Homes Real Estate,270,5,3,,2,2,161,6990000,43416.14907
Roma Sur,Airnetwork Asesores Inmob,365,5,2,,1,3,84,4157000,49488.09524
Roma Norte,Tucasahoy,240,5,2,,2,3,201,11670000,58059.70149
Roma Norte,Remax Satelite,120,,1,,1,2,121,6995000,57809.91736
Roma Sur,Veronica Porraz,270,5,2,,2,2,218,9995000,45848.62385
Roma Norte,Airnetwork Asesores Inmob,365,4,2,,2,2,160,6900000,43125
Roma Norte,Morris Lan,46,5,3,,1,2,146,8800000,60273.9726
Roma Sur,Veronica Porraz,270,5,2,,2,2,220,9950000,45227.27273
Roma Sur,Metros Cuadrados Expertos,35,4,2,,1,2,78,5093660,65303.33333
Roma Sur,Metros Cuadrados Expertos,35,4,2,,1,2,114,6836397,59968.39474
Roma Sur,Metros Cuadrados Expertos,35,4,2,,1,2,78,5073260,65041.79487
Roma Norte,Morris Lan,46,5,3,,2,2,192,9000000,46875
Roma Sur,Metros Cuadrados Expertos,35,4,2,,1,2,75,4935667,65808.89333
Roma Norte,Home Seekers,35,5,2,,2,2,127,8850000,69685.03937
Roma Sur,Metros Cuadrados Expertos,35,4,2,,1,2,107,6501913,60765.54206
Roma Sur,Metros Cuadrados Expertos,35,4,2,,1,2,67,4332353,64661.98507
Roma Sur,Metros Cuadrados Expertos,35,4,2,,1,2,67,4352753,64966.46269
Roma Sur,Metros Cuadrados Expertos,35,4,2,,1,2,75,4894867,65264.89333
Roma Sur,Aire Y Acero Inmobiliaria,39,,2,1,1,3,84,4061000,48345.2381
Roma Norte,Homes Real Estate,270,5,3,,2,2,180,6100000,33888.88889
Roma Sur,Metros Cuadrados Expertos,35,4,2,,1,2,77,4617866,59972.28571
Roma Sur,Metros Cuadrados Expertos,35,4,2,,1,2,65,4272137,65725.18462
Roma Sur,Metros Cuadrados Expertos,35,4,2,,1,2,67,4393553,65575.41791
Roma Sur,Metros Cuadrados Expertos,35,4,2,,1,2,65,4251737,65411.33846
Roma Sur,Aire Y Acero Inmobiliaria,39,,2,1,1,2,95.2,4570000,48004.20168
Roma Sur,Metros Cuadrados Expertos,35,4,2,,1,2,75,4915267,65536.89333
Roma Norte,Airnetwork Asesores Inmob,25,2,1,,1,1,53,4494244,84797.0566
Roma Norte,Metros Cuadrados Expertos,21,6,3,,1,3,152,8500000,55921.05263
Roma Norte,Airnetwork Asesores Inmob,26,5,2,,1,3,87,3750000,43103.44828
Roma Norte,Aire Y Acero Inmobiliaria,39,,1,1,1,1,53.02,4492244,84727.34817
Roma Norte,Airnetwork Asesores Inmob,25,6,3,,2,3,129,11248826,87200.20155
Roma Sur,Metros Cuadrados Expertos,35,5,2,,2,2,141,7651263,54264.2766
Roma Norte,Remax Prosperity,180,,2,1,1,2,85,4995000,58764.70588
Roma Sur,Zona Ryg,150,4,2,,2,2,104,5700000,54807.69231
Roma Norte,Airnetwork Asesores Inmob,25,4,2,,1,2,102,7463773,73174.2451
Roma Sur,Zona Ryg,365,4,2,,1,2,107,8521860,79643.5514
Roma Norte,Cattoribr,330,2,1,,1,1,116,6795000,58577.58621
Roma Norte,Airnetwork Asesores Inmob,44,2,1,,1,1,70,3250000,46428.57143
Roma Sur,Metros Cuadrados Expertos,35,5,2,,2,2,244,8952615,36691.04508
Roma Sur,Metros Cuadrados Expertos,35,5,2,,2,2,228,8850000,38815.78947
Roma Norte,Bienesraiceslomelin,56,,2,,1,2,74,4441570,60021.21622
Roma Norte,Bienesraiceslomelin,56,,2,,1,2,89,7299250,82014.04494
Roma Sur,Century21 Living,270,,2,,2,2,120.24,7550000,62791.0845
Roma Norte,Airnetwork Asesores Inmob,25,4,2,,2,2,102,8026715,78693.28431
Roma Norte,Bienesraiceslomelin,56,,2,,1,2,74,4419100,59717.56757
Roma Norte,Metros Cuadrados Expertos,35,4,2,,1,2,150,6111850,40745.66667
Roma Sur,Zona Ryg,365,5,2,,2,3,149,9670000,64899.32886
Roma Sur,Zona Ryg,365,5,2,,2,3,112,6790000,60625
Roma Sur,Barragan Br,365,4,2,,2,2,90,5700000,63333.33333
Roma Sur,Metros Cuadrados Expertos,35,5,2,,2,2,134,7752143,57851.81343
Roma Sur,Metros Cuadrados Expertos,35,5,2,,2,2,126,7126687,56561.00794
Roma Sur,Metros Cuadrados Expertos,35,5,2,,2,2,130,7449503,57303.86923
Roma Sur,Metros Cuadrados Expertos,35,5,2,,2,2,136,7348623,54033.99265
Roma Norte,Bienesraiceslomelin,56,,2,,1,2,88,7282720,82758.18182
Roma Norte,Bienesraiceslomelin,56,,2,,1,2,76,4992850,65695.39474
Roma Norte,Bienesraiceslomelin,56,,2,,1,2,86,5956650,69263.37209
Roma Sur,Aire Y Acero Inmobiliaria,39,,3,1,2,3,128,6958000,54359.375
Roma Norte,Jlp Realty Homes,45,5,2,,2,2,112,13170500,117593.75
Roma Norte,Bienesraiceslomelin,56,,2,,1,2,93,6030150,64840.32258
Roma Norte,Bienesraiceslomelin,56,,2,,1,2,92,5924650,64398.36957
Roma Norte,Bienesraiceslomelin,56,,2,,1,2,93,5937050,63839.24731
Roma Norte,Bienesraiceslomelin,56,,2,,1,2,93,6767250,72766.12903
Roma Norte,Bienesraiceslomelin,56,,2,,1,2,78,4655643,59687.73077
Roma Norte,Bienesraiceslomelin,56,,2,,1,2,76,4916300,64688.15789
Roma Norte,Bienesraiceslomelin,56,,2,,1,2,76,5704875,75064.14474
Roma Norte,Bienesraiceslomelin,56,,2,,1,2,99,9119400,92115.15152
Roma Norte,Bienesraiceslomelin,56,,2,,1,2,93,5843950,62838.17204
Roma Norte,Bienesraiceslomelin,56,,2,,1,2,93,5750850,61837.09677
Roma Norte,Bienesraiceslomelin,56,,2,,1,2,92,6017550,65408.15217
Roma Norte,Bienesraiceslomelin,56,,2,,1,2,92,5831750,63388.58696
Roma Norte,Bienesraiceslomelin,56,,2,,1,2,92,6747750,73345.1087
Roma Norte,Bienesraiceslomelin,56,,2,,1,2,89,6915220,77699.10112
Roma Norte,Bienesraiceslomelin,56,,2,,1,2,89,7574580,85107.64045
Roma Norte,Bienesraiceslomelin,56,,2,,1,2,84,6969200,82966.66667
Roma Norte,Bienesraiceslomelin,56,,2,,1,2,78,4612462,59134.12821
Roma Norte,Bienesraiceslomelin,56,,2,,1,2,78,4632090,59385.76923
Roma Norte,Bienesraiceslomelin,56,,2,,1,2,78,4592835,58882.5
Roma Norte,Bienesraiceslomelin,56,,2,,1,2,78,5041460,64634.10256
Roma Norte,Bienesraiceslomelin,56,,2,,1,2,78,4710600,60392.30769
Roma Norte,Bienesraiceslomelin,56,,2,,1,2,76,5222500,68717.10526
Roma Norte,Bienesraiceslomelin,56,,2,,1,2,76,5069400,66702.63158
Roma Norte,Bienesraiceslomelin,56,,2,,1,2,78,5324960,68268.71795
Roma Norte,Bienesraiceslomelin,56,,2,,1,2,76,4985050,65592.76316
Roma Norte,Bienesraiceslomelin,56,,2,,1,2,76,4908500,64585.52632
Roma Norte,Bienesraiceslomelin,56,,2,,1,2,76,4700054,61842.81579
Roma Norte,Bienesraiceslomelin,56,,2,,1,2,76,4831950,63578.28947
Roma Norte,Bienesraiceslomelin,56,,2,,1,2,76,4755400,62571.05263
Roma Norte,Bienesraiceslomelin,56,,2,,1,2,103,9025380,87625.04854
Roma Norte,Bienesraiceslomelin,56,,2,,1,2,76,4839750,63680.92105
Roma Norte,Bienesraiceslomelin,56,,2,,1,2,103,8982870,87212.3301
Roma Norte,Bienesraiceslomelin,56,,2,,1,2,86,6303500,73296.51163
Roma Norte,Bienesraiceslomelin,56,,2,,1,2,86,6216700,72287.2093
Roma Norte,Bienesraiceslomelin,56,,2,,1,2,86,6238400,72539.53488
Roma Norte,Bienesraiceslomelin,56,,2,,1,2,86,6173300,71782.55814
Roma Sur,Sata7784633,120,6,2,,2,3,293,11050000,37713.31058
Roma Norte,Metros Cuadrados Expertos,21,4,2,,1,2,83,4643350,55943.9759
Roma Sur,Kmk Inmobiliaria,180,5,2,,1,3,105,4900000,46666.66667
Roma Sur,Tucasahoy,27,6,2,,1,3,142,7040000,49577.46479
Roma Norte,Metros Cuadrados Expertos,35,4,2,,1,2,74,4441570,60021.21622
Roma Norte,Metros Cuadrados Expertos,35,4,2,,2,2,97,5751680,59295.6701
Roma Norte,Metros Cuadrados Expertos,35,4,2,,1,2,81,4676520,57734.81481
Roma Norte,Aire Y Acero Inmobiliaria,39,,1,1,1,2,88,3500000,39772.72727
Roma Norte,Kw Pedregal,730,,2,,1,2,96.5,5150000,53367.87565
Roma Sur,Zona Ryg,365,5,2,,2,3,159,10030000,63081.76101
Roma Norte,Century21 Levalgroup,270,,2,,2,2,100,11720768,117207.68
Roma Sur,Airnetwork Asesores Inmob,150,4,2,,1,2,99,4100000,41414.14141
Roma Norte,Luxence,90,4,2,,2,2,160,10600000,66250
Roma Sur,Barragan Br,365,4,2,,2,2,92,6037000,65619.56522
Roma Norte,Cattoribr,330,4,2,,1,2,114,8550000,75000
Roma Norte,Xlife Real Estate,20,6,2,,1,3,140,6500000,46428.57143
Roma Sur,Skgasesoresinmobiliarios,300,,2,,2,3,154,22330000,145000
Roma Norte,Metros Cuadrados Expertos,35,4,2,,1,2,81,4676520,57734.81481
Roma Norte,Metros Cuadrados Expertos,35,4,2,,1,2,81,4829620,59624.93827
Roma Norte,Metros Cuadrados Expertos,35,4,2,,1,2,74,4419100,59717.56757
Roma Norte,Metros Cuadrados Expertos,35,4,2,,1,2,74,4419100,59717.56757
Roma Norte,Metros Cuadrados Expertos,35,4,2,,1,2,81,5135820,63405.18519
Roma Norte,Metros Cuadrados Expertos,35,4,2,,2,2,97,5999560,61851.13402
Roma Norte,Metros Cuadrados Expertos,35,4,2,,1,2,81,4753070,58679.87654
Roma Norte,Metros Cuadrados Expertos,35,4,2,,1,2,83,5222500,62921.68675
Roma Norte,Metros Cuadrados Expertos,35,4,2,,1,2,83,4949550,59633.13253
Roma Norte,Metros Cuadrados Expertos,35,4,2,,1,2,93,5064690,54459.03226
Roma Norte,Metros Cuadrados Expertos,35,4,2,,1,2,131,6360510,48553.51145
Roma Norte,Metros Cuadrados Expertos,35,4,2,,2,2,97,6042960,62298.5567
Roma Norte,Morris Lan,46,5,2,,2,3,161,10600000,65838.50932
Roma Norte,Metros Cuadrados Expertos,35,4,2,,1,2,119,6290450,52860.92437
Roma Norte,Metros Cuadrados Expertos,35,4,2,,1,2,97,5856980,60381.23711
Roma Norte,Metros Cuadrados Expertos,35,4,2,,1,2,97,6229380,64220.41237
Roma Norte,Metros Cuadrados Expertos,35,4,2,,1,2,97,6042960,62298.5567
Roma Norte,Metros Cuadrados Expertos,35,4,2,,1,2,81,4829620,59624.93827
Roma Norte,Metros Cuadrados Expertos,35,4,2,,1,2,78,4632090,59385.76923
Roma Norte,Metros Cuadrados Expertos,35,4,2,,1,2,78,4612462,59134.12821
Roma Norte,Metros Cuadrados Expertos,35,4,2,,1,2,93,5845980,62860
Roma Norte,Metros Cuadrados Expertos,35,4,2,,1,2,78,4710600,60392.30769
Roma Norte,Metros Cuadrados Expertos,35,4,2,,1,2,97,6129760,63193.40206
Roma Norte,Metros Cuadrados Expertos,35,4,2,,2,2,97,5999560,61851.13402
Roma Norte,Metros Cuadrados Expertos,35,4,2,,1,2,78,4655643,59687.73077
Roma Norte,Metros Cuadrados Expertos,35,4,2,,1,2,120,6306550,52554.58333
Roma Norte,Metros Cuadrados Expertos,35,4,2,,1,2,97,6064660,62522.26804
Roma Norte,Metros Cuadrados Expertos,35,4,2,,2,2,97,6129760,63193.40206
Roma Norte,Metros Cuadrados Expertos,35,4,2,,1,2,97,5763880,59421.4433
Roma Norte,Metros Cuadrados Expertos,35,4,2,,1,2,83,4719900,56866.26506
Roma Norte,Metros Cuadrados Expertos,35,4,2,,2,2,97,5844580,60253.40206
Roma Norte,Metros Cuadrados Expertos,35,4,2,,1,2,97,5751680,59295.6701
Roma Sur,Ps Bienesraices,21,4,2,,2,2,114,8000000,70175.4386
Roma Sur,Morris Lan,46,5,3,,1,2,176,9500000,53977.27273
Roma Norte,Metros Cuadrados Expertos,35,4,2,,1,2,81,4829620,59624.93827
Roma Norte,Metros Cuadrados Expertos,35,4,2,,1,2,85,4918890,57869.29412
Roma Norte,Metros Cuadrados Expertos,35,4,2,,1,2,81,4753070,58679.87654
Roma Norte,Metros Cuadrados Expertos,35,4,2,,1,2,83,4796450,57788.55422
Roma Norte,Metros Cuadrados Expertos,35,4,2,,1,2,81,4753070,58679.87654
Roma Norte,Metros Cuadrados Expertos,35,4,2,,1,2,81,4676520,57734.81481
Roma Norte,Metros Cuadrados Expertos,35,4,2,,1,2,81,4829620,59624.93827
Roma Norte,Metros Cuadrados Expertos,35,4,2,,2,2,97,6216180,64084.3299
Roma Norte,Metros Cuadrados Expertos,35,4,2,,1,2,78,4655643,59687.73077
Roma Norte,Metros Cuadrados Expertos,35,4,2,,1,2,157,6380520,40640.25478
Roma Norte,Metros Cuadrados Expertos,35,4,2,,1,2,81,5135820,63405.18519
Roma Norte,Metros Cuadrados Expertos,35,4,2,,1,2,81,4906170,60570
Roma Norte,Metros Cuadrados Expertos,35,4,2,,1,2,93,5845980,62860
Roma Norte,Metros Cuadrados Expertos,35,4,2,,1,2,183,8026360,43859.89071
Roma Sur,Neximo,31,,2,,1,2,151,9859115,65292.15232
Roma Norte,Primer Nivel Inmobiliaria,120,3,1,,1,1,62,4206000,67838.70968
Roma Norte,Espaciosurbanosmx,210,2,1,,1,1,60,4623086,77051.43333
Roma Sur,Barragan Br,365,4,2,,2,2,91,6650000,73076.92308
Roma Norte,Aire Y Acero Inmobiliaria,39,,2,1,2,3,270,14040000,52000
Roma Norte,Metros Cuadrados Expertos,35,4,2,,1,2,97,5670780,58461.64948
Roma Norte,Morris Lan,46,6,2,,1,3,145,9080660,62625.24138
Roma Sur,Barragan Br,365,4,2,,2,2,92,6300000,68478.26087
Roma Sur,Century21bautistayasociados,240,,2,,2,2,120,7883287,65694.05833
Roma Sur,Morris Lan,46,4,2,,1,2,105,5350000,50952.38095
Roma Sur,Aire Y Acero Inmobiliaria,39,,1,1,1,2,67,2690000,40149.25373
Roma Sur,Cattoribr,17,6,2,,2,3,162,8093500,49959.87654
Roma Sur,Century21bautistayasociados,240,,2,,2,2,106,8952615,84458.63208
Roma Sur,Luxuryhabitatmx,90,4,2,,2,2,120,7650000,63750
Roma Sur,Century21 Living,270,,2,,2,2,120.55,7030000,58316.05143
Roma Sur,Tucasahoy,27,4,2,,1,2,86,4700000,54651.16279
Roma Sur,Century21bautistayasociados,240,,2,,2,2,120,7651263,63760.525
Roma Sur,Inmoinn,365,4,2,,2,2,111,6580413,59283
Roma Norte,Avitana,60,2,1,,1,1,54,3912000,72444.44444
Roma Sur,Mi Casa Propia,90,5,2,,2,3,111,6790000,61171.17117
Roma Norte,Luxuryhabitatmx,90,2,1,,1,1,50,3147772,62955.44
Roma Sur,Zona Ryg,365,5,2,,2,3,112,6890000,61517.85714
Roma Norte,Aire Y Acero Inmobiliaria,8,,2,1,2,2,86.8,5845980,67350
Roma Sur,Ps Bienesraices,21,3,2,,2,1,154,7700000,50000
Roma Norte,Morris Lan,46,7,3,,2,3,193,10050000,52072.53886
Roma Norte,Sata7784633,120,3,1,,1,1,39,3516884,90176.51282
Roma Norte,Tucasahoy,240,4,2,,2,2,161,9550000,59316.77019
Roma Sur,Luxuryhabitatmx,90,6,3,,2,3,150,8706563,58043.75333
Roma Sur,Zona Ryg,365,3,1,,1,2,64,4340240,67816.25
Roma Norte,Home Seekers,35,4,2,,1,2,82,4850000,59146.34146
Roma Norte,Neximo,31,,2,,2,3,270,13500000,50000
Roma Norte,Century21 Viva,300,,2,,2,2,166,11500000,69277.10843
Roma Norte,Zona Ryg,150,2,1,,1,1,65,5570000,85692.30769
Roma Sur,Luxuryhabitatmx,90,6,2,,2,3,121,8700000,71900.82645
Roma Norte,Tucasahoy,240,5,2,,2,3,194,11100000,57216.49485
Roma Sur,Luxuryhabitatmx,90,4,2,,1,2,89,4720000,53033.70787
Roma Sur,Aire Y Acero Inmobiliaria,39,,2,1,1,2,91,4061005,44626.42857
Roma Sur,Nik Bienesraices,120,4,2,,1,2,107,8521860,79643.5514
Roma Sur,Nik Bienesraices,19,4,2,,1,2,115,5342425,46455.86957
Roma Norte,Metros Cuadrados Expertos,35,2,1,,1,1,40,4120000,103000
Roma Sur,Grupo Inmobiliario Gid13,60,5,2,,2,3,149,9670000,64899.32886
Roma Norte,Remax Plus,45,,2,1,1,3,112,5600000,50000
Roma Norte,Neximo,31,,3,,2,3,144,10134810,70380.625
Roma Sur,Neximo,31,,1,,1,2,70,4578675,65409.64286
Roma Sur,Metros Cuadrados Expertos,35,4,2,,2,2,86,4983878,57952.06977
Roma Sur,Morris Lan,46,7,2,,2,3,164,8229770,50181.52439
Roma Sur,Ps Bienesraices,15,2,1,,1,1,80,5700000,71250
Roma Sur,Metros Cuadrados Expertos,35,4,2,,2,2,142,7154848,50386.25352
Roma Sur,Metros Cuadrados Expertos,35,4,2,,2,2,87,5138544,59063.72414
Roma Sur,Grupo Inmobiliario Gid13,60,5,2,,2,3,111,6790000,61171.17117
Roma Sur,Metros Cuadrados Expertos,35,5,2,,2,3,98,5790664,59088.40816
Roma Sur,Metros Cuadrados Expertos,35,4,2,,2,2,87,5190136,59656.73563
Roma Sur,Metros Cuadrados Expertos,35,4,2,,2,2,165,8094465,49057.36364
Roma Sur,Mi Casa Propia,90,5,2,,2,3,149,9670000,64899.32886
Roma Norte,Licmarthasbarandalicmar,150,5,2,,2,2,99,7690640,77683.23232
Roma Sur,Metros Cuadrados Expertos,35,4,2,,2,2,86,5216099,60652.31395
Roma Sur,Metros Cuadrados Expertos,35,4,2,,2,2,98,5761134,58787.08163
Roma Sur,Metros Cuadrados Expertos,35,4,2,,2,2,146,7298901,49992.4726
Roma Sur,Metros Cuadrados Expertos,35,4,2,,2,2,98,5876357,59962.82653
Roma Sur,Metros Cuadrados Expertos,35,4,2,,2,2,84,5093171,60632.9881
Roma Sur,Metros Cuadrados Expertos,35,4,2,,2,2,98,5703523,58199.21429
Roma Sur,Metros Cuadrados Expertos,35,5,2,,2,3,98,5732989,58499.88776
Roma Norte,Aire Y Acero Inmobiliaria,39,,2,1,2,2,160,6900000,43125
Roma Norte,Airnetwork Asesores Inmob,300,6,3,,1,3,150,10400000,69333.33333
Roma Norte,Neximo,31,,3,,2,3,150,10549350,70329
Roma Norte,Century21promozurangel,27,,1,,1,1,33.59,3111913,92644.03096
Roma Sur,Aire Y Acero Inmobiliaria,39,,2,1,2,2,140,7800000,55714.28571
Roma Sur,Nik Bienesraices,120,,2,,1,2,141,9859115,69922.80142
Roma Norte,Aire Y Acero Inmobiliaria,39,,2,1,2,1,158,6900000,43670.88608
Roma Norte,Morris Lan,40,4,2,,2,2,122,7621205,62468.89344
Roma Sur,Metros Cuadrados Expertos,35,5,2,,2,3,98,5675313,57911.35714
Roma Norte,Aire Y Acero Inmobiliaria,39,,2,1,1,2,77,5400000,70129.87013
Roma Sur,Remax Real Estate Consultants,120,,2,,1,2,128,8521860,66577.03125
Roma Sur,Metros Cuadrados Expertos,35,5,2,,2,3,95,5299915,55788.57895
Roma Sur,Metros Cuadrados Expertos,35,4,2,,2,2,98,5450689,55619.27551
Roma Sur,Metros Cuadrados Expertos,35,4,2,,2,2,98,5473077,55847.72449
Roma Sur,Nik Bienesraices,120,4,2,,1,2,81,5503280,67941.7284
Roma Norte,Distritocapitalcondesa,11,5,2,,1,2,129,8000000,62015.50388
Roma Sur,Neximo,31,,2,,2,3,111,7140000,64324.32432
Roma Norte,Airnetwork Asesores Inmob,60,4,2,,1,2,117,9200000,78632.47863
Roma Sur,Metros Cuadrados Expertos,35,4,2,,2,2,87,5006952,57551.17241
Roma Sur,Metros Cuadrados Expertos,35,4,2,,2,2,84,4796482,57100.97619
Roma Sur,Metros Cuadrados Expertos,35,4,2,,2,2,98,5645911,57611.33673
Roma Sur,Metros Cuadrados Expertos,35,4,2,,2,2,84,4994275,59455.65476
Roma Sur,Metros Cuadrados Expertos,35,5,2,,2,3,84,5559961,66190.0119
Roma Sur,Metros Cuadrados Expertos,35,4,2,,2,2,87,4903769,56365.16092
Roma Norte,Rent A House Cdmx,11,,2,,2,2,163,9935982,60956.94479
Roma Sur,Urp Propiedades,300,2,1,,1,1,51,3200000,62745.09804
Roma Norte,Covein Br,11,3,1,,1,2,75,4450000,59333.33333
Roma Norte,Barragan Br,365,5,2,,2,3,93,6873000,73903.22581
Roma Sur,Airnetwork Asesores Inmob,365,4,2,,2,2,140,7800000,55714.28571
Roma Sur,Century 21covarrubias,210,,2,,2,2,98,6850000,69897.95918
Roma Norte,Sil Mexico,270,,1,,1,1,42,3425000,81547.61905
Roma Norte,Eduardomarcelohernandezlopez,300,4,2,,1,2,95,5300000,55789.47368
Roma Sur,Airnetwork Asesores Inmob,24,4,2,,1,2,72,3950000,54861.11111
Roma Sur,Barragan Br,365,5,2,,2,3,93,6873000,73903.22581
Roma Sur,Airnetwork Asesores Inmob,210,5,2,,2,3,111,4950000,44594.59459
Roma Norte,Goldstone Bienesraices,90,5,2,,2,2,185,14346500,77548.64865
Roma Norte,Cbmobikapremium,150,,2,,1,2,133,6800000,51127.81955
Roma Sur,Luxence,90,4,2,,1,2,58,3835325,66126.2931
Roma Sur,Profesionales Inmobiliariosmx,270,,2,,2,2,104,6426000,61788.46154
Roma Norte,Espacios Inmobiliarios,60,5,2,,1,3,150,5900000,39333.33333
Roma Sur,Barragan Br,46,6,3,,2,3,169,9687900,57324.85207
Roma Sur,Casasydepas Com,120,4,2,,1,2,84,5006952,59606.57143
Roma Sur,Zona Ryg,365,4,2,,2,2,127,7030000,55354.33071
Roma Sur,Rent A House Cdmx,12,,3,,1,2,176,9500000,53977.27273
Roma Sur,Metros Cuadrados Expertos,35,4,2,,2,2,135,7096878,52569.46667
Roma Norte,Urp Propiedades,300,5,2,,2,2,137,9905250,72301.09489
Roma Norte,Airnetwork Asesores Inmob,36,5,2,,1,3,112,5600000,50000
Roma Norte,Licmarthasbarandalicmar,150,6,2,,2,2,107,9086780,84923.17757
Roma Norte,Quality Gtz,210,6,3,,1,3,145,8500000,58620.68966
Roma Sur,Espaciosurbanosmx,54,5,2,,1,2,172,8965800,52126.74419
Roma Norte,Byg Realestate,60,4,2,,2,2,85,6300000,74117.64706
Roma Norte,Business Property,36,4,2,,1,2,98,4650000,47448.97959
Roma Sur,Neximo,31,,2,,1,2,78,4996100,64052.5641
Roma Norte,Mexicosil,120,,1,,1,1,42,3425000,81547.61905
Roma Sur,Skgasesoresinmobiliarios,365,,2,,1,2,129,8200000,63565.89147
Roma Norte,Espaciosurbanosmx,210,3,1,,1,1,58,5420077,93449.60345
Roma Norte,Safe Rent,365,4,2,,1,2,57,4050000,71052.63158
Roma Sur,Airnetwork Asesores Inmob,14,4,2,,2,2,130,4780000,36769.23077
Roma Norte,Zona Ryg,365,2,1,,1,1,58,5500000,94827.58621
Roma Norte,Espaciosurbanosmx,210,2,1,,1,1,31,3060008,98709.93548
Roma Sur,Heyserenta Com,60,5,2,,1,3,93,4190000,45053.76344
Roma Norte,Espaciosurbanosmx,41,2,1,,1,1,60,4500000,75000
Roma Sur,Rent A House Cdmx,12,,3,,1,3,193,6195000,32098.4456
Roma Sur,Círculo Inmobiliario,38,,2,,1,2,150,920000,6133.333333
Roma Sur,Spacio Bienesraices,270,5,2,,1,2,106,7126687,67232.89623
Roma Sur,Buscatuhogarmexico,60,,2,,1,3,111,6870000,61891.89189
Roma Sur,Buscatuhogarmexico,60,,2,,1,3,180,11050000,61388.88889
Roma Norte,Coldwellbankercity,120,,2,,2,3,108,7676040,71074.44444
Roma Sur,Enders Inmuebles,120,4,2,,2,2,82,4100000,50000
Roma Sur,Circulobienesraices,90,,2,,1,2,77,4700000,61038.96104
Roma Norte,Constantino Bienes Raices,20,3,1,,1,2,88,2690000,30568.18182
Roma Norte,Aire Y Acero Inmobiliaria,39,,2,1,1,2,85,4595000,54058.82353
Roma Norte,Buscatuhogarmexico,60,,2,,1,2,93,6306550,67812.36559
Roma Sur,Buscatuhogarmexico,60,,2,,1,3,112,6790000,60625
Roma Sur,Buscatuhogarmexico,60,,3,,1,2,134,7650000,57089.55224
Roma Sur,Aire Y Acero Inmobiliaria,8,,2,1,2,2,83.17,5363485,64488.21691
Roma Sur,Buscatuhogarmexico,60,,3,,1,2,103,7780000,75533.98058
Roma Sur,Buscatuhogarmexico,60,,1,,1,3,163,10200000,62576.68712
Roma Norte,Airnetwork Asesores Inmob,240,4,2,,1,2,93,4595000,49408.60215
Roma Norte,Sspropiedades,365,3,1,,1,2,84,5500000,65476.19048
Roma Norte,Airnetwork Asesores Inmob,25,5,2,,1,3,86,4495000,52267.44186
Roma Sur,Buscatuhogarmexico,60,,2,,1,3,112,6870000,61339.28571
Roma Sur,Buscatuhogarmexico,60,,3,,1,2,137,9905250,72301.09489
Roma Sur,Buscatuhogarmexico,60,,3,,1,2,90,6451941,71688.23333
Roma Norte,Buscatuhogarmexico,60,,2,,1,2,86,5999560,69762.32558
Roma Sur,Buscatuhogarmexico,60,,3,,1,2,95,6795009,71526.41053
Roma Sur,Buscatuhogarmexico,60,,3,,1,2,117,7250000,61965.81197
Roma Sur,Buscatuhogarmexico,60,,3,,1,2,148,11390000,76959.45946
Roma Norte,Airnetwork Asesores Inmob,240,4,2,,2,2,117,9350000,79914.52991
Roma Norte,Morris Lan,40,5,2,,2,2,150,9190720,61271.46667
Roma Sur,Buscatuhogarmexico,60,,3,,1,2,137,9905250,72301.09489
Roma Sur,Buscatuhogarmexico,60,,2,,1,3,149,9670000,64899.32886
Roma Sur,Buscatuhogarmexico,60,,4,,1,3,117,8854256,75677.40171
Roma Sur,Buscatuhogarmexico,60,,2,,1,3,111,7010000,63153.15315
Roma Sur,Buscatuhogarmexico,60,,3,,1,2,108,13170500,121949.0741
Roma Sur,Buscatuhogarmexico,60,,3,,1,2,89,8584000,96449.4382
Roma Sur,Aire Y Acero Inmobiliaria,8,,2,1,2,3,111,6790000,61171.17117
Roma Sur,Rent A House Cdmx,12,,2,,1,2,111,5550000,50000
Roma Norte,Metros Cuadrados Expertos,35,7,3,,2,3,187,10850000,58021.39037
Roma Norte,Buscatuhogarmexico,60,,2,,1,2,78,4710600,60392.30769
Roma Norte,Buscatuhogarmexico,60,,2,,1,2,76,6661750,87654.60526
Roma Sur,Buscatuhogarmexico,60,,3,,1,2,99,9694000,97919.19192
Roma Norte,Airnetwork Asesores Inmob,25,5,2,,2,3,270,14040000,52000
Roma Sur,Mi Casa Propia,300,4,2,,1,2,74,4369000,59040.54054
Roma Sur,Zona Ryg,14,6,3,,2,3,140,8706563,62189.73571
Roma Sur,Buscatuhogarmexico,60,,3,,1,2,125,7350000,58800
Roma Sur,Buscatuhogarmexico,60,,2,,1,3,112,6790000,60625
Roma Sur,Buscatuhogarmexico,60,,2,,1,2,141,7550000,53546.09929
Roma Norte,Houm,24,1,1,,1,1,52,3500000,67307.69231
Roma Norte,Neximo,31,,1,,1,1,70,4320000,61714.28571
Roma Norte,Hc Hogar Bienes Raices,55,,1,,1,1,34,2820000,82941.17647
Roma Norte,Colokrte,59,5,2,,1,2,129,8200000,63565.89147
Roma Norte,Colokrte,59,2,1,,1,1,51,3268137,64081.11765
Roma Sur,Quality Habitat,60,4,2,,2,2,127,8000000,62992.12598
Roma Norte,Investemx,60,2,2,,2,2,71,5580000,78591.5493
Roma Sur,Grupo Inmobiliario Gid13,60,4,2,,1,2,74,4369000,59040.54054
Roma Norte,Sspropiedades,150,4,2,,1,2,81,4753000,58679.01235
Roma Norte,Sspropiedades,150,4,2,,2,2,97,5752000,59298.96907
Roma Sur,Graciela Graze,240,,3,,1,3,186,11000000,59139.78495
Roma Norte,Coldwellbankerpremium,60,,2,,3,3,154,17864000,116000
Roma Sur,Airnetwork Asesores Inmob,365,4,2,,1,2,90,4300000,47777.77778
Roma Norte,Zona Ryg,365,7,3,,2,3,220,13500000,61363.63636
Roma Norte,Almanza Inmobiliaria,14,5,2,,1,3,99,5140000,51919.19192
Roma Norte,Airnetwork Asesores Inmob,25,4,2,,2,2,161,8398000,52161.49068
Roma Norte,Buscatuhogarmexico,60,,1,,1,1,56,4496000,80285.71429
Roma Sur,Buscatuhogarmexico,60,,2,,1,2,7210,4198000,582.2468793
Roma Norte,Investemx,60,2,2,,2,2,71,5625000,79225.35211
Roma Norte,Investemx,60,2,2,,2,2,104,7390000,71057.69231
Roma Norte,Investemx,60,3,3,,2,3,123,13800000,112195.122
Roma Sur,Remax Real Estate Consultants,120,,1,,1,2,66,4340240,65761.21212
Roma Sur,Metros Cuadrados Expertos,21,3,1,,1,2,53,3590000,67735.84906
Roma Sur,Aire Y Acero Inmobiliaria,39,,3,1,2,3,140,8706563,62189.73571
Roma Norte,Investemx,60,3,2,,2,3,108,12400000,114814.8148
Roma Sur,Nik Bienesraices,120,3,1,,1,2,66,4340240,65761.21212
Roma Sur,Century21platinumrealty,120,,2,,2,2,82.8,3923802,47388.91304
Roma Sur,Circulobienesraices,90,,2,,1,2,99,6580413,66468.81818
Roma Norte,Rent A House Cdmx,11,,1,,1,1,60,4296668,71611.13333
Roma Sur,Rent A House Cdmx,11,,1,,1,1,44,3615970,82181.13636
Roma Sur,Metros Cuadrados Expertos,21,2,1,,1,1,51,3270000,64117.64706
Roma Sur,Mym Consultores Inmobiliarios,22,2,1,,1,1,51,3270000,64117.64706
Roma Sur,Hc Hogar Bienes Raices,55,,2,,1,2,91,6870000,75494.50549
Roma Norte,Buscatuhogarmexico,60,,1,,1,1,54,4321857,80034.38889
Roma Sur,Airnetwork Asesores Inmob,365,5,2,,2,3,120,8700000,72500
Roma Sur,Century21platinumrealty,120,,1,,2,1,41.03,2176522,53047.0875
Roma Norte,Sspropiedades,365,4,2,,1,2,103,6500000,63106.79612
Roma Sur,Rent A House Cdmx,12,,3,,2,2,107,7040000,65794.39252
Roma Sur,Universum Real Estate,120,,2,,1,2,83,3890000,46867.46988
Roma Norte,Airnetwork Asesores Inmob,25,5,2,,2,3,202,10513880,52048.91089
Roma Sur,Mi Casa Propia,210,5,2,,2,2,180,7780000,43222.22222
Roma Norte,Mater Bienes Raices,365,,1,,1,1,112,6750000,60267.85714
Roma Sur,Grupo Inmobiliario Gid13,60,5,2,,2,2,180,7780000,43222.22222
Roma Sur,Mi Casa Propia,300,4,2,,1,2,75,4369000,58253.33333
Roma Sur,Tucasahoy,270,6,2,,2,3,132,6800000,51515.15152
Roma Sur,Quality Habitat,60,4,2,,2,2,128,9481000,74070.3125
Roma Sur,Mi Casa Propia,330,5,2,,2,2,188,8850000,47074.46809
Roma Norte,Aire Y Acero Inmobiliaria,39,,2,1,1,2,70,5135000,73357.14286
Roma Norte,Aire Y Acero Inmobiliaria,39,,2,1,2,2,107,9736000,90990.65421
Roma Sur,Coldwellbankeribanza,150,,2,,1,2,151,9344300,61882.78146
Roma Norte,Sspropiedades,330,5,2,,2,2,215,12900000,60000
Roma Norte,Tucasahoy,300,4,2,,2,2,194,10050000,51804.12371
Roma Norte,Bernadette Carral K,730,,2,1,2,2,143,12000000,83916.08392
Roma Norte,Airnetwork Asesores Inmob,45,4,2,,2,2,110,5800000,52727.27273
Roma Sur,Zona Ryg,19,4,2,,2,2,93,6643287,71433.19355
Roma Norte,Metros Cuadrados Expertos,35,4,2,,1,2,78,4643800,59535.89744
Roma Sur,Sitio Capital,150,,2,,1,2,100,4900000,49000
Roma Norte,Zona Ryg,365,4,2,,1,2,146,8400000,57534.24658
Roma Norte,Sspropiedades,15,,2,,1,2,80,6450000,80625
Roma Norte,Metros Cuadrados Expertos,21,4,2,,1,2,70,4655643,66509.18571
Roma Norte,Aire Y Acero Inmobiliaria,39,,2,1,1,2,85,4445000,52294.11765
Roma Norte,Cattoribr,60,4,2,,1,2,123,6950000,56504.06504
Roma Norte,Buscatuhogarmexico,60,,2,,1,2,75,4536860,60491.46667
Roma Sur,Grupo Inmobiliario Gid13,60,4,2,,1,2,75,4369000,58253.33333
Roma Sur,Grupo Inmobiliario Gid13,60,5,2,,2,2,188,8850000,47074.46809
Roma Norte,Aire Y Acero Inmobiliaria,8,,1,1,1,1,41,3269750,79750
Roma Sur,Zona Ryg,19,4,2,,1,2,93,5653289,60788.05376
Roma Norte,Buscatuhogarmexico,60,,2,,1,2,78,4714700,60444.87179
Roma Sur,Grupo Inmobiliario Gid13,60,4,2,,1,2,86,4369000,50802.32558
Roma Norte,Rent A House Cdmx,11,,1,,1,1,47,3715282,79048.55319
Roma Sur,Rent A House Cdmx,12,,3,,2,2,107,7040000,65794.39252
Roma Norte,Aire Y Acero Inmobiliaria,39,,2,1,2,2,270,14040000,52000
Roma Norte,Buscatuhogarmexico,60,,2,,1,2,76,4578160,60238.94737
Roma Sur,Buscatuhogarmexico,60,,2,,1,2,75,4539220,60522.93333
Roma Sur,Mi Casa Propia,300,4,2,,1,2,86,4369000,50802.32558
Roma Sur,Sspropiedades,365,,2,,1,2,64,4186666,65416.65625
Roma Norte,Mi Casa Propia,210,3,1,,1,1,42,2890000,68809.52381
Roma Norte,Sspropiedades,365,2,1,,1,1,90,5500000,61111.11111
Roma Sur,Remax Prosperity,25,,2,,1,3,85,2900000,34117.64706
Roma Sur,Mi Casa Propia,210,5,2,,2,2,195,8700000,44615.38462
Roma Sur,Aire Y Acero Inmobiliaria,39,,1,1,2,2,90,3812941,42366.01111
Roma Norte,Espaciosurbanosmx,210,2,1,,1,1,37,2878798,77805.35135
Roma Sur,Grupo Inmobiliario Gid13,60,5,2,,2,2,195,8700000,44615.38462
Roma Sur,Organizacion Serrano,270,2,1,,1,1,80,5500000,68750
Roma Norte,Quality Habitat,60,6,3,,2,3,108,7715000,71435.18519
Roma Norte,Licmarthasbarandalicmar,150,5,2,,2,3,90,4495000,49944.44444
Roma Norte,Colokrte,59,3,1,,1,2,53,3588410,67705.84906
Roma Sur,Houm,60,2,2,1,2,2,79,6105892,77289.77215
Roma Norte,Buscatuhogarmexico,60,,4,,1,3,284,14700000,51760.56338
Roma Norte,Bernadette Carral K,730,,2,1,2,2,143,12800000,89510.48951
Roma Norte,Aire Y Acero Inmobiliaria,39,,1,1,1,2,63,4774000,75777.77778
Roma Norte,Grupo Inmobiliario Gid13,60,3,1,,1,1,42,2890000,68809.52381
Roma Norte,Sspropiedades,210,,2,,1,2,34,2793102,82150.05882
Roma Norte,Cbmobikapremium,150,,3,,1,2,165,8200000,49696.9697
Roma Sur,Houm,24,2,2,,2,2,89,6360510,71466.40449
Roma Norte,Casasydepas Com,25,5,2,,2,2,108,7667000,70990.74074
Roma Sur,Inmuebles Hahn,180,4,2,,2,2,136,5150000,37867.64706
Roma Sur,Mi Casa Propia,330,4,2,,1,2,64,4369000,68265.625
Roma Norte,Buscatuhogarmexico,60,,4,,1,3,200,12900000,64500
Roma Sur,Houm,60,2,2,,2,2,81,6084392,75115.95062
Roma Norte,Zona Ryg,18,5,2,,2,2,98,12146070,123939.4898
Roma Sur,Neximo,31,,2,,2,2,117,7250000,61965.81197
Roma Sur,Houm,60,2,2,,1,2,66,3999900,60604.54545
Roma Sur,Houm,60,2,2,1,1,2,88,5299900,60226.13636
Roma Sur,Sspropiedades,330,,2,,1,2,100,5519000,55190
Roma Norte,Zona Ryg,33,4,2,,2,2,101,7257350,71854.9505
Roma Sur,Houm,48,2,2,,1,2,78,4710600,60392.30769
Roma Sur,Houm,48,2,2,,1,2,75,4714700,62862.66667
Roma Norte,Cattoribr,60,4,2,,1,2,86,5340000,62093.02326
Roma Norte,Buscatuhogarmexico,60,,1,,1,1,51,4976000,97568.62745
Roma Sur,Houm,60,2,2,,1,2,67,4049900,60446.26866
Roma Sur,Houm,60,2,2,,1,2,68,4149900,61027.94118
Roma Norte,Rent A House Cdmx,12,,3,,1,2,122,8400000,68852.45902
Roma Sur,Houm,48,2,2,,2,2,88,6380520,72505.90909
Roma Sur,Houm,48,2,2,,2,2,100,8026360,80263.6
Roma Sur,Houm,48,2,2,,1,2,76,6661750,87654.60526
Roma Sur,Houm,60,2,2,,1,2,67,4805142,71718.53731
Roma Sur,Grupo Inmobiliario Gid13,60,4,2,,1,2,64,4369000,68265.625
Roma Sur,Houm,24,3,2,,2,3,99,10200000,103030.303
Roma Sur,Houm,24,3,2,,2,3,111,9880000,89009.00901
Roma Sur,Houm,24,3,2,,2,3,113,11050000,97787.61062
Roma Sur,Houm,24,3,2,,2,3,111,9670000,87117.11712
Roma Sur,Neximo,31,,1,,1,1,66,3771278,57140.57576
Roma Sur,Houm,48,2,2,,1,2,93,6306550,67812.36559
Roma Sur,Houm,48,2,2,,2,2,86,5845980,67976.51163
Roma Norte,Zona Ryg,365,5,2,,2,2,204,17330000,84950.98039
Roma Norte,Eduardomarcelohernandezlopez,300,4,1,,1,3,156,5900000,37820.51282
Roma Sur,Mi Casa Propia,330,5,2,,2,2,198,8952615,45215.22727
Roma Norte,Expmexico Realtors,120,,3,,1,3,284,12900000,45422.53521
Roma Norte,Airnetwork Asesores Inmob,120,3,1,,1,1,69,5000000,72463.76812
Roma Sur,Sata7784633,60,4,2,,2,2,185,6976349,37709.99459
Roma Norte,Bernadette Carral K,120,5,2,,2,2,187,12000000,64171.12299
Roma Sur,Mi Casa Propia,210,5,2,,2,2,134,7650000,57089.55224
Roma Norte,Inmuebles Hahn,180,4,2,,1,2,68,2250000,33088.23529
Roma Norte,Remax Plus,365,,2,,1,2,100,4930000,49300
Roma Norte,Hc Hogar Bienes Raices,55,,1,,1,1,36,3848548,106904.1111
Roma Sur,Grupo Inmobiliario Gid13,60,5,2,,2,2,134,7650000,57089.55224
Roma Sur,Sata7784633,365,4,2,,2,2,93,5653287,60788.03226
Roma Norte,Buscatuhogarmexico,60,,4,,1,3,284,12900000,45422.53521
Roma Norte,Zona Ryg,365,5,2,,2,2,149,12660000,84966.44295
Roma Norte,Zona Ryg,365,5,2,,2,2,185,14345000,77540.54054
Roma Sur,Luxence,90,4,2,,1,2,111,6586413,59337.05405
Roma Sur,Sata7784633,120,6,3,,2,3,140,8706563,62189.73571
Roma Sur,Espaciosurbanosmx,270,4,2,,2,2,103,6296000,61126.21359
Roma Norte,Buscatuhogarmexico,60,,2,,1,2,70,4482780,64039.71429
Roma Sur,Rent A House Cdmx,12,,3,,1,3,86,4944054,57489
Roma Norte,Buscatuhogarmexico,60,,1,,1,1,37,3848548,104014.8108
Roma Sur,Houm,60,3,2,1,2,3,115,8229770,71563.21739
Roma Sur,Tucasahoy,150,4,2,,2,2,185,6976349,37709.99459
Roma Sur,Airnetwork Asesores Inmob,365,5,2,,2,2,106,7040000,66415.09434
Roma Norte,Buscatuhogarmexico,60,,1,,1,1,43,4300000,100000
Roma Sur,Houm,60,3,2,1,2,3,134,9326512,69600.83582
Roma Sur,Grupo Inmobiliario Gid13,60,5,2,,2,2,198,8952615,45215.22727
Roma Sur,Sata7784633,120,4,2,,2,2,179,6643287,37113.3352
Roma Norte,Luxence,19,2,1,,1,1,49,4062500,82908.16327
Roma Sur,Buscatuhogarmexico,60,,2,,1,2,99,6296000,63595.9596
Roma Norte,Buscatuhogarmexico,60,,1,,1,1,36,4421000,122805.5556
Roma Norte,Buscatuhogarmexico,60,,2,,1,2,83,5363485,64620.3012
Roma Sur,Buscatuhogarmexico,60,,23,,1,2,91,7874000,86527.47253
Roma Norte,Buscatuhogarmexico,60,,1,,1,1,43,4472000,104000
Roma Sur,Buscatuhogarmexico,60,,4,,1,3,121,8725800,72114.04959
Roma Sur,Buscatuhogarmexico,60,,4,,1,3,163,8725000,53527.60736
Roma Sur,Buscatuhogarmexico,60,,3,,1,2,140,7792000,55657.14286
Roma Sur,Buscatuhogarmexico,60,,2,,1,2,142,7676000,54056.33803
Roma Sur,Tucasahoy,150,6,3,,2,3,140,8706563,62189.73571
Roma Norte,Metros Cuadrados Expertos,35,7,3,,2,3,157,10100000,64331.21019
Roma Norte,Aire Y Acero Inmobiliaria,39,,2,1,1,2,85,4695000,55235.29412
Roma Norte,Buscatuhogarmexico,60,,1,,1,1,36,4442000,123388.8889
Roma Sur,Buscatuhogarmexico,60,,2,,1,2,91,9689000,106472.5275
Roma Sur,Buscatuhogarmexico,60,,4,,1,3,135,8434800,62480
Roma Sur,Buscatuhogarmexico,60,,2,,1,2,109,7981000,73220.18349
Roma Norte,Buscatuhogarmexico,60,,1,,1,1,51,5041000,98843.13725
Roma Norte,Safe Rent,240,2,1,,1,1,40,1800000,45000
Roma Norte,Barragan Br,35,2,1,,1,1,50,2400000,48000
Roma Norte,Blaxell 2,300,,3,,1,3,98,4703000,47989.79592
Roma Sur,Zona Ryg,365,4,2,,1,2,104,5350000,51442.30769
Roma Sur,Zona Ryg,365,4,2,,1,2,90,4850000,53888.88889
Roma Norte,Veronica Porraz,270,2,1,,1,1,43,3429250,79750
Roma Norte,Blaxell 2,300,,3,,1,3,103,4943000,47990.29126
Roma Sur,Hc Hogar Bienes Raices,55,,1,,1,3,62,6690000,107903.2258
Roma Norte,Tucasahoy,300,4,2,,2,2,104,9350000,89903.84615
Roma Sur,Buscatuhogarmexico,60,,3,,1,2,193,14382000,74518.13472
Roma Norte,Sspropiedades,120,7,3,,2,3,195,10750000,55128.20513
Roma Sur,Sspropiedades,210,,2,,1,2,93,5653257,60787.70968
Roma Norte,Espaciosurbanosmx,270,4,2,,2,2,92,5998135,65197.11957
Roma Norte,Remax Plus,365,,3,1,2,3,195,9840000,50461.53846
Roma Sur,Zona Ryg,365,4,2,,1,2,176,9950000,56534.09091
Roma Sur,Circulobienesraices,90,,2,,1,2,64,4070000,63593.75
Roma Norte,Zona Ryg,365,4,2,,1,2,76,4210000,55394.73684
Roma Norte,Rent A House Cdmx,11,,2,,1,2,126,6996018,55523.95238
Roma Sur,Heyserenta Com,60,3,1,,1,1,64,4100000,64062.5
Roma Norte,Buscatuhogarmexico,60,,1,,1,1,40,4670000,116750
Roma Sur,Circulobienesraices,90,,1,,1,1,41,3150850,76850
Roma Sur,Century21 Tega,120,,2,,2,2,130,9333000,71792.30769
Roma Sur,Inmobiliaria Sp,150,5,2,,2,3,113,9000000,79646.0177
Roma Norte,Tucasahoy,300,4,2,,2,2,204,9590000,47009.80392
Roma Norte,Houm,24,2,2,,1,2,66,6853000,103833.3333
Roma Norte,Buscatuhogarmexico,60,,2,,1,2,92,5452850,59270.1087
Roma Norte,Buscatuhogarmexico,60,,3,,1,3,136,12901458,94863.66176
Roma Norte,Luxence,19,3,1,,1,2,78,4631000,59371.79487
Roma Norte,Houm,24,2,2,,1,2,76,5060000,66578.94737
Roma Norte,Houm,24,1,1,,1,1,43,3429250,79750
Roma Norte,Morris Lan,46,6,3,,2,3,162,9950000,61419.75309
Roma Sur,Houm,48,2,2,,2,2,89,6330120,71124.94382
Roma Sur,Houm,48,2,2,,2,2,83,5363485,64620.3012
Roma Norte,Buscatuhogarmexico,60,,3,,1,3,140,11675527,83396.62143
Roma Norte,Buscatuhogarmexico,60,,4,,1,3,150,10750000,71666.66667
Roma Norte,Buscatuhogarmexico,60,,2,,1,2,92,5845980,63543.26087
Roma Sur,Circulobienesraices,90,,2,,1,2,76,4980000,65526.31579
Roma Norte,Remax Plus,365,,2,1,2,2,194,9350000,48195.87629
Roma Norte,Inmobiliaria Zona 04,8,2,1,,1,1,43,3635005,84535
Roma Norte,Rent A House Cdmx,12,,3,,2,2,194,9350000,48195.87629
Roma Norte,Houm,24,2,2,,1,2,63,6600000,104761.9048
Roma Norte,Houm,24,2,2,,1,2,65,4378000,67353.84615
Roma Norte,Houm,24,2,2,,1,2,59,4389000,74389.83051
Roma Sur,Metros Cuadrados Expertos,35,4,2,,2,2,98,6079500,62035.71429
Roma Sur,Metros Cuadrados Expertos,35,4,2,,2,2,97,6384000,65814.43299
Roma Sur,Houm,48,2,2,,2,2,89,6792390,76318.98876
Roma Sur,Houm,48,2,2,,2,2,84,6218895,74034.46429
Roma Sur,Houm,48,2,2,,2,2,96,7591980,79083.125
Roma Sur,Houm,48,2,2,,1,2,71,4270200,60143.66197
Roma Sur,Houm,48,2,2,,1,2,71,4303135,60607.53521
Roma Norte,Buscatuhogarmexico,60,,3,,1,2,139,11502061,82748.64029
Roma Sur,Buscatuhogarmexico,60,,2,,1,3,87,4783584,54983.72414
Roma Norte,Buscatuhogarmexico,60,,2,,1,2,122,7639585,62619.54918
Roma Norte,Deborahlavat,240,,3,,2,2,158.56,11582200,73046.16549
Roma Norte,Blaxell 2,300,,3,,1,3,103,4943000,47990.29126
Roma Norte,Pireal Estate,365,,1,,1,1,57,5800000,101754.386
Roma Norte,Pireal Estate,240,,2,,2,2,117,7855960,67144.95726
Roma Norte,Profesionales Inmobiliariosmx,330,,1,,1,1,42,3273000,77928.57143
Roma Norte,Deborahlavat,240,,2,,1,2,100,6879300,68793
Roma Norte,Deborahlavat,240,,2,1,2,2,152.39,10174465,66765.96233
Roma Norte,Mingobienesraices,365,,2,1,2,3,204,9590000,47009.80392
Roma Sur,Highend Mexico,120,,2,,1,2,78,4700000,60256.41026
Roma Norte,Pireal Estate,300,,1,1,1,2,76.42,4774000,62470.55745
Roma Sur,Pireal Estate,270,,2,,2,2,100,11720000,117200
Roma Norte,Urp Propiedades,300,4,2,,1,2,95,4066000,42800
Roma Norte,Eduardomarcelohernandezlopez,300,4,2,,1,2,43,2870000,66744.18605
Roma Norte,Qia Inmobiliaria,330,8,4,,2,3,193,14382000,74518.13472
Roma Norte,Acreedores X Ti,300,,2,,1,2,150,920000,6133.333333
Roma Norte,Bernadette Carral K,120,2,1,,1,1,72,5200000,72222.22222
Roma Norte,Zona Ryg,365,3,1,,1,1,38,3135000,82500
Roma Sur,Luxuryhabitatmx,90,6,2,,1,3,122,7040000,57704.91803
Roma Norte,Century21 Movisa,270,,2,,1,2,103,6732700,65366.01942
Roma Norte,Eduardomarcelohernandezlopez,300,4,2,,1,2,152,6835000,44967.10526
Roma Sur,Gruposdiazyasociados,210,,2,,1,2,145,8558032,59020.91034
Roma Norte,Zona Ryg,365,3,1,,1,1,49,4102500,83724.4898
Roma Sur,Pireal Estate,270,,3,,2,3,92,11148000,121173.913
Roma Sur,Zona Ryg,33,5,2,,1,2,143,11317200,79141.25874
Roma Sur,Tucasahoy,240,5,2,,2,3,111,6744923,60765.07207
Roma Norte,Cravioto Inmobiliaria,240,,2,,1,2,153,12660000,82745.09804
Roma Norte,Coldwell Banker Vive,180,,3,,2,3,150,11200000,74666.66667
Roma Norte,Eduardomarcelohernandezlopez,300,4,2,,1,2,63,3820000,60634.92063
Roma Norte,Aire Y Acero Inmobiliaria,39,,1,1,1,1,38,3155000,83026.31579
Roma Norte,Licmarthasbarandalicmar,150,6,2,,2,2,108,9010885,83434.12037
Roma Norte,Eduardomarcelohernandezlopez,300,4,2,,1,2,43,3180000,73953.48837
Roma Sur,Cattoribr,330,5,2,,2,3,109,7932730,72777.33945
Roma Norte,Zona Ryg,365,5,2,,2,2,100,11720767,117207.67
Roma Sur,Buscatuhogarmexico,60,,3,,1,3,117,6388236,54600.30769
Roma Norte,Coldwellbankercity,120,,2,,2,3,140,10500000,75000
Roma Sur,Cattoribr,330,5,2,,2,3,114,8165300,71625.4386
Roma Sur,Cattoribr,330,5,2,,2,3,191,13471140,70529.5288
Roma Sur,Remax Servicios Inmobiliarios,330,,2,1,2,3,127,6958000,54787.40157
Roma Norte,Pireal Estate,365,,3,,2,3,195,13500000,69230.76923
Roma Norte,Buscatuhogarmexico,60,,1,,1,1,41,3269750,79750
Roma Norte,Luxuryhabitatmx,90,4,2,,1,2,132,6853000,51916.66667
Roma Sur,Coldwellbanker Marimar,90,,1,,1,2,95,5300000,55789.47368
Roma Sur,Coldwellbanker Marimar,120,,1,,1,1,57,3500000,61403.50877
Roma Norte,Eduardomarcelohernandezlopez,300,4,2,,1,2,65,3940000,60615.38462
Roma Norte,Eduardomarcelohernandezlopez,300,4,2,,1,2,76,4600000,60526.31579
Roma Norte,Eduardomarcelohernandezlopez,300,4,2,,1,2,132,6230000,47196.9697
Roma Sur,Skgasesoresinmobiliarios,365,,2,,1,2,96,4720000,49166.66667
Roma Norte,Zona Ryg,365,5,2,,2,2,193,14148523,73308.40933
Roma Norte,Sara Goldhaber,60,4,2,,2,2,111,7250000,65315.31532
Roma Norte,Buscatuhogarmexico,60,,1,,1,1,54,4535000,83981.48148
Roma Norte,Zona Ryg,365,5,2,,2,2,112,13333717,119051.0446
Roma Norte,Rent A House Cdmx,12,,1,,1,1,43,3370000,78372.09302
Roma Norte,Metros Cuadrados Expertos,35,7,3,,2,3,184,11200000,60869.56522
Roma Sur,Buscatuhogarmexico,60,,3,,1,3,118,6641481,56283.73729
Roma Norte,Buscatuhogarmexico,60,,1,,1,1,69,5692500,82500
Roma Norte,Buscatuhogarmexico,60,,2,,1,2,62,4279000,69016.12903
Roma Norte,Buscatuhogarmexico,60,,2,,1,2,66,6853000,103833.3333
Roma Norte,Buscatuhogarmexico,60,,2,,1,2,76,5060000,66578.94737
Roma Norte,Buscatuhogarmexico,60,,2,,1,2,63,4202000,66698.4127
Roma Norte,Buscatuhogarmexico,60,,1,,1,1,43,3429250,79750
Roma Norte,Coldwell Banker Vive,180,,3,,2,3,153,10100000,66013.0719
Roma Sur,Rent A House Cdmx,12,,2,,2,3,157,9880000,62929.93631
Roma Sur,Rent A House Cdmx,12,,2,,2,3,111,6426000,57891.89189
Roma Norte,Buscatuhogarmexico,60,,1,,1,1,38,4122500,108486.8421
Roma Norte,Buscatuhogarmexico,60,,2,,1,2,63,4246000,67396.8254
Roma Sur,Buscatuhogarmexico,60,,3,,1,3,117,6594096,56359.79487
Roma Sur,Buscatuhogarmexico,60,,4,,1,3,117,8856256,75694.49573
Roma Norte,Buscatuhogarmexico,60,,1,,1,2,59,4290000,72711.86441
Roma Sur,Tucasahoy,300,5,2,,2,3,222,10429375,46979.16667
Roma Norte,Urp Propiedades,270,7,3,,1,3,154,14000000,90909.09091
Roma Norte,Grupo Raiz Inmobiliario,240,,2,,1,2,90,1800000,20000
Roma Norte,Grupo Raiz Inmobiliario,240,,2,,1,2,75,989670,13195.6
Roma Norte,Zona Ryg,365,6,3,,1,3,135,9750000,72222.22222
Roma Norte,Aire Y Acero Inmobiliaria,39,,1,1,1,2,85,4200000,49411.76471
Roma Norte,Grupo Raiz Inmobiliario,240,,2,,1,3,100,1750667,17506.67
Roma Norte,Nouhouse,90,,1,1,1,1,37.13,2792170,75199.83841
Roma Sur,Pireal Estate,150,,2,,2,2,140,5653287,40380.62143
Roma Norte,Grupo Raiz Inmobiliario,240,,2,,1,2,68,1300259,19121.45588
Roma Norte,Neximo,31,,1,,1,1,56,3840000,68571.42857
Roma Norte,Grupo Raiz Inmobiliario,240,,1,,1,2,70,1151648,16452.11429
Roma Norte,Nouhouse,90,,1,1,1,1,39.65,3070859,77449.15511
Roma Norte,Círculo Inmobiliario,41,,2,,1,3,65,1277348,19651.50769
Roma Norte,Nouhouse,90,,1,1,1,2,70.29,4804764,68356.29535
Roma Sur,Profesionales Inmobiliariosmx,365,,2,,1,2,120,8217000,68475
Roma Norte,Neximo,31,,1,,1,2,74,4812500,65033.78378
Roma Norte,Neximo,31,,1,,1,1,64,4250000,66406.25
Roma Sur,Metros Cuadrados Expertos,35,5,2,,1,3,98,4455575,45465.05102
Roma Norte,Buscatuhogarmexico,60,,3,,1,2,141,12839444,91059.88652
Roma Norte,Buscatuhogarmexico,60,,3,,1,3,213,8250000,38732.39437
Roma Sur,Metros Cuadrados Expertos,35,5,2,,1,3,97,4624150,47671.64948
Roma Norte,Buscatuhogarmexico,60,,3,,1,3,158,13322205,84317.75316
Roma Norte,Buscatuhogarmexico,60,,3,,1,3,168,10592361,63049.76786
Roma Norte,Buscatuhogarmexico,60,,3,,1,3,161,10048500,62413.04348
Roma Norte,Buscatuhogarmexico,60,,2,,1,2,134,12203137,91068.18657
Roma Norte,Houm,24,1,1,,1,1,63,5197500,82500
Roma Norte,Houm,24,1,1,,1,1,56,4496000,80285.71429
Roma Sur,Metros Cuadrados Expertos,35,4,2,,1,2,96,4157440,43306.66667
Roma Sur,Metros Cuadrados Expertos,35,5,2,,1,3,101,4548300,45032.67327
Roma Sur,Metros Cuadrados Expertos,35,5,2,,1,3,101,4548304,45032.71287
Roma Sur,Metros Cuadrados Expertos,35,5,2,,1,3,101,4568300,45230.69307
Roma Sur,Metros Cuadrados Expertos,35,4,2,,1,2,91,4061500,44631.86813
Roma Sur,Metros Cuadrados Expertos,35,5,2,,1,3,98,4415575,45056.88776
Roma Norte,Buscatuhogarmexico,60,,3,,1,3,130,9305538,71581.06154
Roma Norte,Buscatuhogarmexico,60,,3,,1,3,153,10249470,66990
Roma Sur,Tucasahoy,150,4,2,,2,2,93,5653287,60788.03226
Roma Sur,Zona Ryg,365,4,2,,1,2,91,4900000,53846.15385
Roma Norte,Pireal Estate,300,,1,1,1,1,65,4100750,63088.46154
Roma Norte,Glb Patrimonial,60,,2,,1,3,113,958789,8484.858407
Roma Norte,Acreedores X Ti,300,,2,,1,2,90,1800000,20000
Roma Norte,Century21 Reward,270,,1,,1,1,41,2972500,72500
Roma Norte,Airnetwork Asesores Inmob,240,2,1,,1,1,39,3135000,80384.61538
Roma Norte,Glb Patrimonial,60,,1,,1,3,89,1394590,15669.55056
Roma Norte,Glb Patrimonial,12,,2,,1,3,90,839240,9324.888889
Roma Sur,Morakalli Inmobiliaria,60,4,2,,2,2,185,6976349,37709.99459
Roma Sur,Nik Bienesraices,120,4,2,,2,2,150,10400000,69333.33333
Roma Norte,Organizacion Serrano,270,6,3,,2,3,160,8781000,54881.25
Roma Sur,Eduardomarcelohernandezlopez,300,5,2,,2,3,111,6870000,61891.89189
Roma Sur,Eduardomarcelohernandezlopez,300,5,2,,2,3,222,11550000,52027.02703
Roma Norte,Círculo Inmobiliario,41,,2,,1,2,75,989670,13195.6
Roma Norte,Círculo Inmobiliario,41,,2,,1,3,100,1750667,17506.67
Roma Norte,Rent A House Cdmx,12,,2,,1,2,167,8250004,49401.22156
Roma Norte,Rent A House Cdmx,12,,2,,2,2,90,5950004,66111.15556
Roma Norte,Neximo,31,,2,,1,2,89,5775000,64887.64045
Roma Norte,Neximo,31,,2,,2,2,194,9350000,48195.87629
Roma Sur,Buscatuhogarmexico,60,,2,,1,3,286,9990000,34930.06993
Roma Sur,Organizacion Serrano,270,6,3,,3,3,140,10105450,72181.78571
Roma Sur,Eduardomarcelohernandezlopez,300,5,2,,2,3,112,7000000,62500
Roma Norte,Acreedores X Ti,300,,2,,1,2,68,1300259,19121.45588
Roma Sur,Luxuryhabitatmx,90,4,2,,1,2,77,4700000,61038.96104
Roma Norte,Glb Patrimonial,12,,2,,1,2,68,634217,9326.720588
Roma Norte,Rent A House Cdmx,12,,3,,2,3,162,10249474,63268.35802
Roma Sur,Aire Y Acero Inmobiliaria,39,,2,1,1,2,143,9859115,68944.86014
Roma Sur,Buscatuhogarmexico,60,,2,,1,3,128,6990000,54609.375
Roma Sur,Tucasahoy,150,4,2,,2,2,179,6643287,37113.3352
Roma Sur,Eduardomarcelohernandezlopez,300,5,2,,2,3,163,10200000,62576.68712
Roma Sur,Buscatuhogarmexico,60,,2,,1,2,63,4440632,70486.22222
Roma Sur,Buscatuhogarmexico,60,,2,,1,2,81,5006474,61808.32099
Roma Sur,Buscatuhogarmexico,60,,2,,1,2,73,4440632,60830.57534
Roma Sur,Buscatuhogarmexico,60,,2,,1,2,71,4271474,60161.60563
Roma Sur,Buscatuhogarmexico,60,,2,,1,2,71,5006474,70513.71831
Roma Sur,Buscatuhogarmexico,60,,2,,1,2,71,4198875,59139.08451
Roma Sur,Buscatuhogarmexico,60,,2,,1,2,71,4198875,59139.08451
Roma Sur,Inmuebles Hahn,180,5,2,,1,3,145,1894000,13062.06897
Roma Sur,Acreedores X Ti,300,,1,,1,2,70,2151648,30737.82857
Roma Norte,Espacio Inmobili,210,,2,,1,2,150,920000,6133.333333
Roma Norte,Aire Y Acero Inmobiliaria,39,,1,1,1,1,41,3270000,79756.09756
Roma Norte,Espacio Inmobili,210,,2,,1,3,65,1277348,19651.50769
Roma Sur,Zona Ryg,365,5,2,,2,2,93,8192000,88086.02151
Roma Norte,Acreedores X Ti,300,,2,,1,3,65,1277348,19651.50769
Roma Sur,Zona Ryg,365,5,2,,2,2,93,5673000,61000
Roma Sur,Luxuryhabitatmx,90,4,2,,1,2,72,4440632,61675.44444
Roma Sur,Morakalli Inmobiliaria,60,6,3,,2,3,140,8706563,62189.73571
Roma Sur,Nik Bienesraices,120,4,2,,1,2,70,4734300,67632.85714
Roma Norte,Acreedores X Ti,300,,2,,1,3,100,1020000,10200
Roma Norte,Acreedores X Ti,300,,2,,1,3,100,2750667,27506.67
Roma Norte,Acreedores X Ti,300,,2,,1,2,98,1953000,19928.57143
Roma Norte,Acreedores X Ti,300,,2,,1,3,95,847987,8926.178947
Roma Norte,Acreedores X Ti,300,,2,,1,3,191,900000,4712.041885
Roma Norte,Acreedores X Ti,300,,1,,1,2,70,738000,10542.85714
Roma Norte,Acreedores X Ti,300,,2,,1,2,135,1285333,9520.985185
Roma Sur,Acreedores X Ti,300,,1,,1,2,60,900000,15000
Roma Norte,Acreedores X Ti,300,,2,,1,3,327,958789,2932.076453
Roma Sur,Pireal Estate,365,,2,1,2,2,185,7170000,38756.75676
Roma Norte,Acreedores X Ti,300,,3,,1,4,89,1394590,15669.55056
Roma Norte,Acreedores X Ti,300,,1,,1,2,70,1410000,20142.85714
Roma Norte,Acreedores X Ti,300,,2,,1,2,75,989670,13195.6
Roma Norte,Pireal Estate,180,,2,,1,2,78,5950000,76282.05128
Roma Norte,Espacio Inmobili,210,,2,,1,2,75,989670,13195.6
Roma Sur,Remax Real Estate Consultants,150,,2,,1,2,70,4996100,71372.85714
Roma Sur,Metros Cuadrados Expertos,35,4,2,,1,2,65,4231337,65097.49231
Roma Sur,Aire Y Acero Inmobiliaria,39,,2,1,2,3,115,8028800,69815.65217
Roma Norte,Pireal Estate,180,,2,,1,2,91,8250000,90659.34066
Roma Sur,Grupo Inmobiliario Gid13,60,5,2,,2,2,129,7250000,56201.55039
Roma Sur,Grupo Inmobiliario Gid13,60,5,2,,2,2,141,7500000,53191.48936
Roma Sur,Heyserenta Com,60,2,1,,1,1,75,6500000,86666.66667
Roma Sur,Mi Casa Propia,60,5,2,,2,2,141,7500000,53191.48936
Roma Sur,Mi Casa Propia,60,5,2,,2,2,129,7250000,56201.55039
Roma Sur,Coldwellbankerarsespacio,40,,2,,2,2,164,6516000,39731.70732
Roma Sur,Coldwellbankerarsespacio,40,,2,,2,2,140,6385000,45607.14286
Roma Sur,Coldwellbankerarsespacio,40,,2,,1,2,84,4116000,49000
Roma Sur,Coldwellbankerarsespacio,40,,2,,1,2,88,4236000,48136.36364
Roma Norte,Coldwellbankerpremium,60,,2,,2,2,114,6620120,58071.22807
Roma Sur,Aldo,330,,2,,2,3,114,6270000,55000
